{
	"name": "tg_atualizaLakehouse",
	"properties": {
		"annotations": [],
		"runtimeState": "Started",
		"pipelines": [
			{
				"pipelineReference": {
					"referenceName": "Principal",
					"type": "PipelineReference"
				},
				"parameters": {
					"p_tipo_carga": "F",
					"p_data_inicio_carga": ".",
					"p_etapa_pipeline": ".",
					"p_rb_sistema": ".",
					"p_rb_sistema_banco": ".",
					"p_rb_sistema_banco_entidade": ".",
					"p_rb_etapa_ingestao": ".",
					"p_sv_dominio": ".",
					"p_sv_dominio_tema": ".",
					"p_gd_dominio": "."
				}
			}
		],
		"type": "ScheduleTrigger",
		"typeProperties": {
			"recurrence": {
				"frequency": "Week",
				"interval": 1,
				"startTime": "2022-09-14T19:54:00",
				"timeZone": "E. South America Standard Time",
				"schedule": {
					"minutes": [
						0
					],
					"hours": [
						6
					],
					"weekDays": [
						"Monday",
						"Tuesday",
						"Wednesday",
						"Thursday",
						"Friday"
					]
				}
			}
		}
	}
}