{
	"name": "GD-G - Atualiza DW",
	"properties": {
		"activities": [
			{
				"name": "IFC - Executa Producao",
				"description": "Se o parâmetro p_gd_dominio conter a string \"[producao]\" então True.",
				"type": "IfCondition",
				"dependsOn": [],
				"userProperties": [],
				"typeProperties": {
					"expression": {
						"value": "@or(\n    or(\n        empty(pipeline().parameters.p_gd_dominio),\n        equals(pipeline().parameters.p_gd_dominio,'.')\n    ),\n    contains(\n        toLower(pipeline().parameters.p_gd_dominio),\n        '[producao]'\n    )\n)",
						"type": "Expression"
					},
					"ifTrueActivities": [
						{
							"name": "PPL - Producao",
							"type": "ExecutePipeline",
							"dependsOn": [],
							"userProperties": [],
							"typeProperties": {
								"pipeline": {
									"referenceName": "GD-G - Processo Completo - Producao",
									"type": "PipelineReference"
								},
								"waitOnCompletion": true,
								"parameters": {
									"p_caminho_raiz_notebook": {
										"value": "@pipeline().parameters.p_caminho_raiz_notebook",
										"type": "Expression"
									}
								}
							}
						}
					]
				}
			}
		],
		"parameters": {
			"p_caminho_raiz_notebook": {
				"type": "string",
				"defaultValue": "/Repos/git/dbw-bi-acocearense/delta/"
			},
			"p_gd_dominio": {
				"type": "string"
			}
		},
		"folder": {
			"name": "2.1 Gold/0 - Group"
		},
		"annotations": [],
		"lastPublishTime": "2022-04-05T20:19:33Z"
	},
	"type": "Microsoft.DataFactory/factories/pipelines"
}