{
	"name": "GD-G - Processo Total - Dimensao - Producao",
	"properties": {
		"activities": [
			{
				"name": "DimCentroTrabalho",
				"type": "ExecutePipeline",
				"dependsOn": [],
				"userProperties": [],
				"typeProperties": {
					"pipeline": {
						"referenceName": "Pipeline Notebook Generico",
						"type": "PipelineReference"
					},
					"waitOnCompletion": true,
					"parameters": {
						"p_caminho_raiz_notebook": {
							"value": "@pipeline().parameters.p_caminho_raiz_notebook",
							"type": "Expression"
						},
						"p_caminho_notebook": {
							"value": "@pipeline().parameters.p_caminho_notebook",
							"type": "Expression"
						},
						"p_nome_notebook": "DimCentroTrabalho"
					}
				}
			},
			{
				"name": "DimTurnoTurmaCalendario",
				"type": "ExecutePipeline",
				"dependsOn": [],
				"userProperties": [],
				"typeProperties": {
					"pipeline": {
						"referenceName": "Pipeline Notebook Generico",
						"type": "PipelineReference"
					},
					"waitOnCompletion": true,
					"parameters": {
						"p_caminho_raiz_notebook": {
							"value": "@pipeline().parameters.p_caminho_raiz_notebook",
							"type": "Expression"
						},
						"p_caminho_notebook": {
							"value": "@pipeline().parameters.p_caminho_notebook",
							"type": "Expression"
						},
						"p_nome_notebook": "DimTurnoTurmaCalendario"
					}
				}
			},
			{
				"name": "DimUnidadeNegocio",
				"type": "ExecutePipeline",
				"dependsOn": [],
				"userProperties": [],
				"typeProperties": {
					"pipeline": {
						"referenceName": "Pipeline Notebook Generico",
						"type": "PipelineReference"
					},
					"waitOnCompletion": true,
					"parameters": {
						"p_caminho_raiz_notebook": {
							"value": "@pipeline().parameters.p_caminho_raiz_notebook",
							"type": "Expression"
						},
						"p_caminho_notebook": {
							"value": "@pipeline().parameters.p_caminho_notebook",
							"type": "Expression"
						},
						"p_nome_notebook": "DimUnidadeNegocio"
					}
				}
			},
			{
				"name": "DimUnidadeProdutora",
				"type": "ExecutePipeline",
				"dependsOn": [],
				"userProperties": [],
				"typeProperties": {
					"pipeline": {
						"referenceName": "Pipeline Notebook Generico",
						"type": "PipelineReference"
					},
					"waitOnCompletion": true,
					"parameters": {
						"p_caminho_raiz_notebook": {
							"value": "@pipeline().parameters.p_caminho_raiz_notebook",
							"type": "Expression"
						},
						"p_caminho_notebook": {
							"value": "@pipeline().parameters.p_caminho_notebook",
							"type": "Expression"
						},
						"p_nome_notebook": "DimUnidadeProdutora"
					}
				}
			}
		],
		"parameters": {
			"p_caminho_raiz_notebook": {
				"type": "string",
				"defaultValue": "/Repos/git/dbw-bi-acocearense/delta/"
			},
			"p_caminho_notebook": {
				"type": "string",
				"defaultValue": "gold/"
			}
		},
		"variables": {
			"v_lista_notebooks": {
				"type": "Array"
			}
		},
		"folder": {
			"name": "2.1 Gold/Produção/3 - Dimensão/0 - Group"
		},
		"annotations": [],
		"lastPublishTime": "2022-05-13T20:18:01Z"
	},
	"type": "Microsoft.DataFactory/factories/pipelines"
}