{
	"name": "GD-G - Processo Completo - Producao",
	"properties": {
		"activities": [
			{
				"name": "PPL - Executa Dimensao",
				"type": "ExecutePipeline",
				"dependsOn": [],
				"userProperties": [],
				"typeProperties": {
					"pipeline": {
						"referenceName": "GD-G - Processo Total - Dimensao - Producao",
						"type": "PipelineReference"
					},
					"waitOnCompletion": true,
					"parameters": {
						"p_caminho_raiz_notebook": {
							"value": "@pipeline().parameters.p_caminho_raiz_notebook",
							"type": "Expression"
						}
					}
				}
			},
			{
				"name": "PPL - Executa Fato",
				"type": "ExecutePipeline",
				"dependsOn": [
					{
						"activity": "PPL - Executa Dimensao",
						"dependencyConditions": [
							"Succeeded"
						]
					}
				],
				"userProperties": [],
				"typeProperties": {
					"pipeline": {
						"referenceName": "GD-G - Processo Total - Fato - Producao",
						"type": "PipelineReference"
					},
					"waitOnCompletion": true,
					"parameters": {
						"p_caminho_raiz_notebook": {
							"value": "@pipeline().parameters.p_caminho_raiz_notebook",
							"type": "Expression"
						}
					}
				}
			}
		],
		"parameters": {
			"p_caminho_raiz_notebook": {
				"type": "string",
				"defaultValue": "/Repos/git/dbw-bi-acocearense/delta/"
			}
		},
		"folder": {
			"name": "2.1 Gold/Produção/0 - Group"
		},
		"annotations": [],
		"lastPublishTime": "2022-04-05T20:19:33Z"
	},
	"type": "Microsoft.DataFactory/factories/pipelines"
}