{
	"name": "Manager",
	"properties": {
		"activities": [
			{
				"name": "IFC - Se Informado Executa Pipeline Raw e Bronze",
				"type": "IfCondition",
				"dependsOn": [],
				"userProperties": [],
				"typeProperties": {
					"expression": {
						"value": "@or(\n    or(\n        empty(pipeline().parameters.p_etapa_pipeline),\n        equals(pipeline().parameters.p_etapa_pipeline,'.')\n    ),\n    contains(pipeline().parameters.p_etapa_pipeline, 'RB')    \n)",
						"type": "Expression"
					},
					"ifTrueActivities": [
						{
							"name": "PPL - Executa Raw e Bronze",
							"type": "ExecutePipeline",
							"dependsOn": [
								{
									"activity": "FLT - Filtra Itens Ativos",
									"dependencyConditions": [
										"Succeeded"
									]
								}
							],
							"userProperties": [],
							"typeProperties": {
								"pipeline": {
									"referenceName": "RB-G - Processo Total - Raw e Bronze",
									"type": "PipelineReference"
								},
								"waitOnCompletion": true,
								"parameters": {
									"p_tipo_carga": {
										"value": "@pipeline().parameters.p_tipo_carga",
										"type": "Expression"
									},
									"p_data_inicio_carga": {
										"value": "@pipeline().parameters.p_data_inicio_carga",
										"type": "Expression"
									},
									"p_rb_sistema": {
										"value": "@pipeline().parameters.p_rb_sistema",
										"type": "Expression"
									},
									"p_rb_sistema_banco": {
										"value": "@pipeline().parameters.p_rb_sistema_banco",
										"type": "Expression"
									},
									"p_rb_sistema_banco_entidade": {
										"value": "@pipeline().parameters.p_rb_sistema_banco_entidade",
										"type": "Expression"
									},
									"p_rb_etapa_ingestao": {
										"value": "@pipeline().parameters.p_rb_etapa_ingestao",
										"type": "Expression"
									},
									"p_dados_orquestrador": {
										"value": "@activity('FLT - Filtra Itens Ativos').output.value",
										"type": "Expression"
									}
								}
							}
						},
						{
							"name": "LKP - Colete Dados Arquivo Orquestrador",
							"type": "Lookup",
							"dependsOn": [],
							"policy": {
								"timeout": "7.00:00:00",
								"retry": 0,
								"retryIntervalInSeconds": 30,
								"secureOutput": false,
								"secureInput": false
							},
							"userProperties": [],
							"typeProperties": {
								"source": {
									"type": "JsonSource",
									"storeSettings": {
										"type": "AzureBlobFSReadSettings",
										"recursive": true,
										"enablePartitionDiscovery": false
									},
									"formatSettings": {
										"type": "JsonReadSettings"
									}
								},
								"dataset": {
									"referenceName": "ds_json_stbiacocearense",
									"type": "DatasetReference",
									"parameters": {
										"p_container": "gerencia",
										"p_diretorio": "pipeline",
										"p_arquivo": "pipeline_orquestrador"
									}
								},
								"firstRowOnly": false
							}
						},
						{
							"name": "FLT - Filtra Itens Ativos",
							"description": "Só deixa passar quando o \"flg_ativo\" for True.",
							"type": "Filter",
							"dependsOn": [
								{
									"activity": "LKP - Colete Dados Arquivo Orquestrador",
									"dependencyConditions": [
										"Succeeded"
									]
								}
							],
							"userProperties": [],
							"typeProperties": {
								"items": {
									"value": "@activity('LKP - Colete Dados Arquivo Orquestrador').output.value",
									"type": "Expression"
								},
								"condition": {
									"value": "@and(\n    equals(item().flg_ativo, true),\n    equals(item().etapa, 'RB')\n)",
									"type": "Expression"
								}
							}
						}
					]
				}
			},
			{
				"name": "IFC - Se Informado Executa Pipeline Silver",
				"type": "IfCondition",
				"dependsOn": [
					{
						"activity": "IFC - Se Informado Executa Pipeline Raw e Bronze",
						"dependencyConditions": [
							"Succeeded"
						]
					}
				],
				"userProperties": [],
				"typeProperties": {
					"expression": {
						"value": "@or(\n    or(\n        empty(pipeline().parameters.p_etapa_pipeline),\n        equals(pipeline().parameters.p_etapa_pipeline,'.')\n    ),\n    contains(pipeline().parameters.p_etapa_pipeline, 'SV')\n)",
						"type": "Expression"
					},
					"ifTrueActivities": [
						{
							"name": "PPL - Executa Silver",
							"type": "ExecutePipeline",
							"dependsOn": [],
							"userProperties": [],
							"typeProperties": {
								"pipeline": {
									"referenceName": "SV-G - Processo Total - Silver",
									"type": "PipelineReference"
								},
								"waitOnCompletion": true,
								"parameters": {
									"p_sv_dominio": {
										"value": "@pipeline().parameters.p_sv_dominio",
										"type": "Expression"
									},
									"p_sv_dominio_tema": {
										"value": "@pipeline().parameters.p_sv_dominio_tema",
										"type": "Expression"
									}
								}
							}
						}
					]
				}
			},
			{
				"name": "IFC - Se Informado Executa Pipeline Gold",
				"type": "IfCondition",
				"dependsOn": [
					{
						"activity": "IFC - Se Informado Executa Pipeline Silver",
						"dependencyConditions": [
							"Succeeded"
						]
					}
				],
				"userProperties": [],
				"typeProperties": {
					"expression": {
						"value": "@or(\n    or(\n        empty(pipeline().parameters.p_etapa_pipeline),\n        equals(pipeline().parameters.p_etapa_pipeline,'.')\n    ),\n    contains(pipeline().parameters.p_etapa_pipeline, 'GD')\n)",
						"type": "Expression"
					},
					"ifTrueActivities": [
						{
							"name": "PPL - Executa Gold",
							"type": "ExecutePipeline",
							"dependsOn": [],
							"userProperties": [],
							"typeProperties": {
								"pipeline": {
									"referenceName": "GD-G - Atualiza DW",
									"type": "PipelineReference"
								},
								"waitOnCompletion": true,
								"parameters": {
									"p_gd_dominio": {
										"value": "@pipeline().parameters.p_gd_dominio",
										"type": "Expression"
									}
								}
							}
						}
					]
				}
			}
		],
		"parameters": {
			"p_tipo_carga": {
				"type": "string",
				"defaultValue": "F"
			},
			"p_data_inicio_carga": {
				"type": "string",
				"defaultValue": "."
			},
			"p_etapa_pipeline": {
				"type": "string",
				"defaultValue": "RB"
			},
			"p_rb_sistema": {
				"type": "string",
				"defaultValue": "[sql_server]"
			},
			"p_rb_sistema_banco": {
				"type": "string",
				"defaultValue": "[sql_server.sinobras]"
			},
			"p_rb_sistema_banco_entidade": {
				"type": "string",
				"defaultValue": "."
			},
			"p_rb_etapa_ingestao": {
				"type": "string",
				"defaultValue": "."
			},
			"p_sv_dominio": {
				"type": "string",
				"defaultValue": "."
			},
			"p_sv_dominio_tema": {
				"type": "string",
				"defaultValue": "."
			},
			"p_gd_dominio": {
				"type": "string",
				"defaultValue": "."
			}
		},
		"folder": {
			"name": "1.1 Main"
		},
		"annotations": [],
		"lastPublishTime": "2022-04-08T13:17:05Z"
	},
	"type": "Microsoft.DataFactory/factories/pipelines"
}