{
	"name": "Pipeline Notebook Generico",
	"properties": {
		"activities": [
			{
				"name": "NTB - Silver",
				"description": "",
				"type": "DatabricksNotebook",
				"dependsOn": [],
				"policy": {
					"timeout": "7.00:00:00",
					"retry": 1,
					"retryIntervalInSeconds": 30,
					"secureOutput": false,
					"secureInput": false
				},
				"userProperties": [],
				"typeProperties": {
					"notebookPath": {
						"value": "@concat(\n    if(\n        endswith(\n            trim(pipeline().parameters.p_caminho_raiz_notebook),\n            '/'\n        ),\n        trim(pipeline().parameters.p_caminho_raiz_notebook),\n        concat(trim(pipeline().parameters.p_caminho_raiz_notebook),'/')\n    ),\n    if(\n        startswith(\n            trim(pipeline().parameters.p_caminho_notebook),\n            '/'\n        ),\n        substring(\n            trim(pipeline().parameters.p_caminho_notebook),\n            1,\n            sub(length(pipeline().parameters.p_caminho_notebook),1)\n        ),\n        trim(pipeline().parameters.p_caminho_notebook)\n    ),\n    if(\n        endswith(\n            trim(pipeline().parameters.p_caminho_notebook), \n            '/'\n        ),\n        if(\n            startswith(\n                trim(pipeline().parameters.p_nome_notebook), \n                '/'\n            ),\n            substring(\n                trim(pipeline().parameters.p_nome_notebook),\n                1,\n                sub(length(pipeline().parameters.p_nome_notebook),1)\n            ),\n            trim(pipeline().parameters.p_nome_notebook)\n        ), \n        if(\n            startswith(\n                trim(pipeline().parameters.p_nome_notebook), \n                '/'\n            ),\n            trim(pipeline().parameters.p_nome_notebook),\n            concat('/', trim(pipeline().parameters.p_nome_notebook))\n        )\n    )\n)",
						"type": "Expression"
					}
				},
				"linkedServiceName": {
					"referenceName": "ls_dbwbiacocearenseprd",
					"type": "LinkedServiceReference"
				}
			}
		],
		"parameters": {
			"p_caminho_raiz_notebook": {
				"type": "string",
				"defaultValue": "/Repos/git/dbw-bi-acocearense/delta/"
			},
			"p_caminho_notebook": {
				"type": "string",
				"defaultValue": "silver/producao/unidade_produtora/"
			},
			"p_nome_notebook": {
				"type": "string"
			}
		},
		"variables": {
			"teste": {
				"type": "String"
			}
		},
		"folder": {
			"name": "7 - Utility"
		},
		"annotations": [
			"@{pipeline().parameters.p_nome_notebook} - @{pipeline().parameters.p_caminho_notebook}"
		],
		"lastPublishTime": "2022-04-06T20:18:12Z"
	},
	"type": "Microsoft.DataFactory/factories/pipelines"
}