{
	"name": "Principal",
	"properties": {
		"activities": [
			{
				"name": "PPL - Manager",
				"type": "ExecutePipeline",
				"dependsOn": [
					{
						"activity": "SVB - Define Data Inicio Execucao",
						"dependencyConditions": [
							"Succeeded"
						]
					}
				],
				"userProperties": [],
				"typeProperties": {
					"pipeline": {
						"referenceName": "Manager",
						"type": "PipelineReference"
					},
					"waitOnCompletion": true,
					"parameters": {
						"p_tipo_carga": {
							"value": "@pipeline().parameters.p_tipo_carga",
							"type": "Expression"
						},
						"p_data_inicio_carga": {
							"value": "@pipeline().parameters.p_data_inicio_carga",
							"type": "Expression"
						},
						"p_etapa_pipeline": {
							"value": "@pipeline().parameters.p_etapa_pipeline",
							"type": "Expression"
						},
						"p_rb_sistema": {
							"value": "@pipeline().parameters.p_rb_sistema",
							"type": "Expression"
						},
						"p_rb_sistema_banco": {
							"value": "@pipeline().parameters.p_rb_sistema_banco",
							"type": "Expression"
						},
						"p_rb_sistema_banco_entidade": {
							"value": "@pipeline().parameters.p_rb_sistema_banco_entidade",
							"type": "Expression"
						},
						"p_rb_etapa_ingestao": {
							"value": "@pipeline().parameters.p_rb_etapa_ingestao",
							"type": "Expression"
						},
						"p_sv_dominio": {
							"value": "@pipeline().parameters.p_sv_dominio",
							"type": "Expression"
						},
						"p_sv_dominio_tema": {
							"value": "@pipeline().parameters.p_sv_dominio_tema",
							"type": "Expression"
						},
						"p_gd_dominio": {
							"value": "@pipeline().parameters.p_gd_dominio",
							"type": "Expression"
						}
					}
				}
			},
			{
				"name": "NTB - Inicia Cluster",
				"description": "",
				"type": "DatabricksNotebook",
				"dependsOn": [
					{
						"activity": "SVB - Define Data Inicio Execucao",
						"dependencyConditions": [
							"Succeeded"
						]
					}
				],
				"policy": {
					"timeout": "7.00:00:00",
					"retry": 0,
					"retryIntervalInSeconds": 30,
					"secureOutput": false,
					"secureInput": false
				},
				"userProperties": [],
				"typeProperties": {
					"notebookPath": "/Repos/git/dbw-bi-acocearense/utilidade/inicia_cluster"
				},
				"linkedServiceName": {
					"referenceName": "ls_dbwbiacocearenseprd",
					"type": "LinkedServiceReference"
				}
			},
			{
				"name": "SVB - Define Data Inicio Execucao",
				"type": "SetVariable",
				"dependsOn": [],
				"userProperties": [],
				"typeProperties": {
					"variableName": "v_data_inicio_execucao",
					"value": {
						"value": "@convertFromUtc(utcnow(), 'E. South America Standard Time', 'yyyy-MM-dd HH:mm:ss')",
						"type": "Expression"
					}
				}
			}
		],
		"parameters": {
			"p_tipo_carga": {
				"type": "string",
				"defaultValue": "F"
			},
			"p_data_inicio_carga": {
				"type": "string",
				"defaultValue": "."
			},
			"p_etapa_pipeline": {
				"type": "string",
				"defaultValue": "."
			},
			"p_rb_sistema": {
				"type": "string",
				"defaultValue": "[sql_server]"
			},
			"p_rb_sistema_banco": {
				"type": "string",
				"defaultValue": "[sql_server.sinobras]"
			},
			"p_rb_sistema_banco_entidade": {
				"type": "string",
				"defaultValue": "."
			},
			"p_rb_etapa_ingestao": {
				"type": "string",
				"defaultValue": "RB"
			},
			"p_sv_dominio": {
				"type": "string",
				"defaultValue": "."
			},
			"p_sv_dominio_tema": {
				"type": "string",
				"defaultValue": "."
			},
			"p_gd_dominio": {
				"type": "string",
				"defaultValue": "."
			}
		},
		"variables": {
			"v_data_inicio_execucao": {
				"type": "String"
			}
		},
		"folder": {
			"name": "1.1 Main"
		},
		"annotations": [],
		"lastPublishTime": "2022-04-05T20:19:36Z"
	},
	"type": "Microsoft.DataFactory/factories/pipelines"
}