{
	"name": "RB-G - Processo Generico - Full e Incremental - Raw e Bronze",
	"properties": {
		"activities": [
			{
				"name": "FCH - Itera sobre a Ingestao de Tabelas",
				"description": "Itera sobre o retorno da lookup para executar a ingestão Raw e Bronze de cada tabela.",
				"type": "ForEach",
				"dependsOn": [
					{
						"activity": "FLT - Filtra Chave Entidade",
						"dependencyConditions": [
							"Succeeded"
						]
					}
				],
				"userProperties": [],
				"typeProperties": {
					"items": {
						"value": "@activity('FLT - Filtra Chave Entidade').output.value",
						"type": "Expression"
					},
					"isSequential": false,
					"batchCount": 30,
					"activities": [
						{
							"name": "NTB - Grava Historico da Execucao no Arquivo - Ok",
							"type": "DatabricksNotebook",
							"dependsOn": [
								{
									"activity": "SWH - Escolhe o Dataset",
									"dependencyConditions": [
										"Succeeded"
									]
								}
							],
							"policy": {
								"timeout": "7.00:00:00",
								"retry": 3,
								"retryIntervalInSeconds": 30,
								"secureOutput": false,
								"secureInput": false
							},
							"userProperties": [],
							"typeProperties": {
								"notebookPath": "/Repos/git/dbw-bi-acocearense/ambiente/pipeline/salva_historico_execucao_pipeline",
								"baseParameters": {
									"pn_id_pipeline_run": {
										"value": "@pipeline().GroupId",
										"type": "Expression"
									},
									"pn_dt_ini_execucao": {
										"value": "@variables('v_dt_ini_execucao')",
										"type": "Expression"
									},
									"pn_dt_fim_execucao": {
										"value": "@convertFromUtc(utcnow(), 'E. South America Standard Time', 'yyyy-MM-dd HH:mm:ss')",
										"type": "Expression"
									},
									"pn_flg_pipeline_status": "1",
									"pn_desc_pipeline_status": "OK",
									"pn_pipeline_erro_mensagem": "-",
									"pn_dt_param_ini_carga": {
										"value": "@variables('v_data_inicio_carga')",
										"type": "Expression"
									},
									"pn_tipo_carga": {
										"value": "@variables('v_tipo_carga')",
										"type": "Expression"
									},
									"pn_chave_entidade": {
										"value": "@item().chave_entidade",
										"type": "Expression"
									},
									"pn_pipeline_erro_target": "-"
								}
							},
							"linkedServiceName": {
								"referenceName": "ls_dbwbiacocearenseprd",
								"type": "LinkedServiceReference"
							}
						},
						{
							"name": "SVB - Define Data Inicio Execucao",
							"type": "SetVariable",
							"dependsOn": [
								{
									"activity": "SWH - Define Data Inicio Carga",
									"dependencyConditions": [
										"Succeeded"
									]
								}
							],
							"userProperties": [],
							"typeProperties": {
								"variableName": "v_dt_ini_execucao",
								"value": {
									"value": "@convertFromUtc(utcnow(), 'E. South America Standard Time', 'yyyy-MM-dd HH:mm:ss')",
									"type": "Expression"
								}
							}
						},
						{
							"name": "SVB - Define Tipo Carga",
							"description": "Define a variável \"v_tipo_carga\" com o valor passado pelo parâmetro \"p_tipo_carga\" ou pelo iteração do arquivo de controle.",
							"type": "SetVariable",
							"dependsOn": [],
							"userProperties": [],
							"typeProperties": {
								"variableName": "v_tipo_carga",
								"value": {
									"value": "@if(\n    or(\n        empty(pipeline().parameters.p_tipo_carga),\n        equals(pipeline().parameters.p_tipo_carga, '.')\n    ),\n    item().parametro.tipo_carga,\n    pipeline().parameters.p_tipo_carga\n)",
									"type": "Expression"
								}
							}
						},
						{
							"name": "SWH - Define Data Inicio Carga",
							"type": "Switch",
							"dependsOn": [
								{
									"activity": "SVB - Define Tipo Carga",
									"dependencyConditions": [
										"Succeeded"
									]
								}
							],
							"userProperties": [],
							"typeProperties": {
								"on": {
									"value": "@if(\n    and(\n        not(empty(pipeline().parameters.p_data_inicio_carga)),\n        not(equals(pipeline().parameters.p_data_inicio_carga, '.'))\n    ),\n    'Parametro',\n    if(\n        equals(variables('v_tipo_carga'), 'F'),\n        'Full',\n        'Incremental'\n    )\n)",
									"type": "Expression"
								},
								"cases": [
									{
										"value": "Parametro",
										"activities": [
											{
												"name": "SVB - Parametro - Define Data Inicio Carga",
												"type": "SetVariable",
												"dependsOn": [],
												"userProperties": [],
												"typeProperties": {
													"variableName": "v_data_inicio_carga",
													"value": {
														"value": "@pipeline().parameters.p_data_inicio_carga",
														"type": "Expression"
													}
												}
											}
										]
									},
									{
										"value": "Full",
										"activities": [
											{
												"name": "SVB - Full - Define Data Inicio Carga",
												"type": "SetVariable",
												"dependsOn": [],
												"userProperties": [],
												"typeProperties": {
													"variableName": "v_data_inicio_carga",
													"value": "1900-01-01 00:00:00"
												}
											}
										]
									},
									{
										"value": "Incremental",
										"activities": [
											{
												"name": "SVB - Incremental - Define Data Inicio Carga",
												"type": "SetVariable",
												"dependsOn": [
													{
														"activity": "NTB - Traz Ultima Data Inicio Carga",
														"dependencyConditions": [
															"Succeeded"
														]
													}
												],
												"userProperties": [],
												"typeProperties": {
													"variableName": "v_data_inicio_carga",
													"value": {
														"value": "@activity('NTB - Traz Ultima Data Inicio Carga').output.runOutput",
														"type": "Expression"
													}
												}
											},
											{
												"name": "NTB - Traz Ultima Data Inicio Carga",
												"description": "Traz a última data de carga ok.",
												"type": "DatabricksNotebook",
												"dependsOn": [],
												"policy": {
													"timeout": "7.00:00:00",
													"retry": 3,
													"retryIntervalInSeconds": 30,
													"secureOutput": false,
													"secureInput": false
												},
												"userProperties": [],
												"typeProperties": {
													"notebookPath": "/Repos/git/dbw-bi-acocearense/ambiente/pipeline/traz_data_inicio_ultima_carga",
													"baseParameters": {
														"pn_chave_entidade": {
															"value": "@item().chave_entidade",
															"type": "Expression"
														}
													}
												},
												"linkedServiceName": {
													"referenceName": "ls_dbwbiacocearenseprd",
													"type": "LinkedServiceReference"
												}
											}
										]
									}
								]
							}
						},
						{
							"name": "SWH - Escolhe o Dataset",
							"type": "Switch",
							"dependsOn": [
								{
									"activity": "SVB - Define Data Inicio Execucao",
									"dependencyConditions": [
										"Succeeded"
									]
								}
							],
							"userProperties": [],
							"typeProperties": {
								"on": {
									"value": "@item().dataset",
									"type": "Expression"
								},
								"cases": [
									{
										"value": "ds_gpp_sinobras",
										"activities": [
											{
												"name": "PPL - Executa Ingestao - GPP Sinobras - SQL Server",
												"type": "ExecutePipeline",
												"dependsOn": [],
												"userProperties": [],
												"typeProperties": {
													"pipeline": {
														"referenceName": "RB-U - Ingestao Generica - GPP Sinobras - SQL Server",
														"type": "PipelineReference"
													},
													"waitOnCompletion": true,
													"parameters": {
														"p_container_destino": {
															"value": "@item().parametro.container_destino",
															"type": "Expression"
														},
														"p_diretorio_destino": {
															"value": "@item().parametro.diretorio_destino",
															"type": "Expression"
														},
														"p_data_particao": {
															"value": "@formatDateTime(variables('v_data_inicio_carga'), 'yyyy/MM/dd')",
															"type": "Expression"
														},
														"p_esquema_origem": {
															"value": "@item().parametro.esquema_origem",
															"type": "Expression"
														},
														"p_tabela_origem": {
															"value": "@item().parametro.tabela_origem",
															"type": "Expression"
														},
														"p_formato_data_particao": {
															"value": "@item().parametro.formato_data_particao",
															"type": "Expression"
														},
														"p_select_origem": {
															"value": "@item().parametro.select_origem",
															"type": "Expression"
														},
														"p_coluna_incremental": {
															"value": "@item().parametro.coluna_incremental",
															"type": "Expression"
														},
														"p_tipo_carga": {
															"value": "@variables('v_tipo_carga')",
															"type": "Expression"
														},
														"p_data_inicio_carga": {
															"value": "@variables('v_data_inicio_carga')",
															"type": "Expression"
														},
														"p_coluna_incremental_suplente": {
															"value": "@item().parametro.coluna_incremental_suplente",
															"type": "Expression"
														},
														"p_rb_etapa_ingestao": {
															"value": "@pipeline().parameters.p_rb_etapa_ingestao",
															"type": "Expression"
														},
														"p_database_origem": {
															"value": "@item().parametro.database_origem",
															"type": "Expression"
														}
													}
												}
											},
											{
												"name": "SVB - Salva Mensagem Erro - GPP Sinobras - SQL Server",
												"type": "SetVariable",
												"dependsOn": [
													{
														"activity": "PPL - Executa Ingestao - GPP Sinobras - SQL Server",
														"dependencyConditions": [
															"Failed"
														]
													}
												],
												"userProperties": [],
												"typeProperties": {
													"variableName": "v_erro_mensagem",
													"value": {
														"value": "@activity('PPL - Executa Ingestao - GPP Sinobras - SQL Server').Error.Message",
														"type": "Expression"
													}
												}
											},
											{
												"name": "SVB - Salva Target Erro - GPP Sinobras - SQL Server",
												"type": "SetVariable",
												"dependsOn": [
													{
														"activity": "PPL - Executa Ingestao - GPP Sinobras - SQL Server",
														"dependencyConditions": [
															"Failed"
														]
													}
												],
												"userProperties": [],
												"typeProperties": {
													"variableName": "v_erro_target",
													"value": {
														"value": "@activity('PPL - Executa Ingestao - GPP Sinobras - SQL Server').Error.Target",
														"type": "Expression"
													}
												}
											},
											{
												"name": "FAL - Simula a Falha - GPP Sinobras - SQL Server",
												"type": "Fail",
												"dependsOn": [
													{
														"activity": "SVB - Salva Mensagem Erro - GPP Sinobras - SQL Server",
														"dependencyConditions": [
															"Succeeded"
														]
													},
													{
														"activity": "SVB - Salva Target Erro - GPP Sinobras - SQL Server",
														"dependencyConditions": [
															"Succeeded"
														]
													}
												],
												"userProperties": [],
												"typeProperties": {
													"message": {
														"value": "@concat(\n    variables('v_erro_target'),\n    ' : ',\n    variables('v_erro_mensagem')\n)",
														"type": "Expression"
													},
													"errorCode": "001"
												}
											}
										]
									}
								]
							}
						},
						{
							"name": "NTB - Grava Historico da Execucao no Arquivo - Erro",
							"type": "DatabricksNotebook",
							"dependsOn": [
								{
									"activity": "SWH - Escolhe o Dataset",
									"dependencyConditions": [
										"Failed"
									]
								}
							],
							"policy": {
								"timeout": "7.00:00:00",
								"retry": 3,
								"retryIntervalInSeconds": 30,
								"secureOutput": false,
								"secureInput": false
							},
							"userProperties": [],
							"typeProperties": {
								"notebookPath": "/Repos/git/dbw-bi-acocearense/ambiente/pipeline/salva_historico_execucao_pipeline",
								"baseParameters": {
									"pn_id_pipeline_run": {
										"value": "@pipeline().GroupId",
										"type": "Expression"
									},
									"pn_dt_ini_execucao": {
										"value": "@variables('v_dt_ini_execucao')",
										"type": "Expression"
									},
									"pn_dt_fim_execucao": {
										"value": "@convertFromUtc(utcnow(), 'E. South America Standard Time', 'yyyy-MM-dd HH:mm:ss')",
										"type": "Expression"
									},
									"pn_flg_pipeline_status": "2",
									"pn_desc_pipeline_status": "Erro",
									"pn_pipeline_erro_mensagem": {
										"value": "@variables('v_erro_mensagem')",
										"type": "Expression"
									},
									"pn_dt_param_ini_carga": {
										"value": "@variables('v_data_inicio_carga')",
										"type": "Expression"
									},
									"pn_tipo_carga": {
										"value": "@variables('v_tipo_carga')",
										"type": "Expression"
									},
									"pn_chave_entidade": {
										"value": "@item().chave_entidade",
										"type": "Expression"
									},
									"pn_pipeline_erro_target": {
										"value": "@variables('v_erro_target')",
										"type": "Expression"
									}
								}
							},
							"linkedServiceName": {
								"referenceName": "ls_dbwbiacocearenseprd",
								"type": "LinkedServiceReference"
							}
						}
					]
				}
			},
			{
				"name": "FLT - Filtra Chave Entidade",
				"description": "Utiliza o parâmetro \"p_rb_sistema_banco_entidade\" para decidir quais entidades serão carregadas.",
				"type": "Filter",
				"dependsOn": [],
				"userProperties": [],
				"typeProperties": {
					"items": {
						"value": "@pipeline().parameters.p_dados_orquestrador",
						"type": "Expression"
					},
					"condition": {
						"value": "@if(\n    or(\n        empty(pipeline().parameters.p_rb_sistema_banco_entidade),\n        equals(pipeline().parameters.p_rb_sistema_banco_entidade,'.')\n    ),\n    equals(1,1),\n    contains(\n        pipeline().parameters.p_rb_sistema_banco_entidade, \n        concat('[', item().chave_entidade, ']')\n    )\n)",
						"type": "Expression"
					}
				}
			}
		],
		"parameters": {
			"p_tipo_carga": {
				"type": "string",
				"defaultValue": "I"
			},
			"p_data_inicio_carga": {
				"type": "string"
			},
			"p_rb_sistema_banco_entidade": {
				"type": "string"
			},
			"p_dados_orquestrador": {
				"type": "array"
			},
			"p_rb_etapa_ingestao": {
				"type": "string"
			}
		},
		"variables": {
			"v_data_inicio_carga": {
				"type": "String"
			},
			"v_tipo_carga": {
				"type": "String"
			},
			"v_dt_ini_execucao": {
				"type": "String"
			},
			"v_esquema_origem": {
				"type": "String"
			},
			"v_tabela_origem": {
				"type": "String"
			},
			"v_informacoes_arquivo_controle": {
				"type": "Array"
			},
			"v_erro_mensagem": {
				"type": "String"
			},
			"v_erro_target": {
				"type": "String"
			},
			"v_etapa_bronze": {
				"type": "Boolean"
			}
		},
		"folder": {
			"name": "2.3 Raw e Bronze/6 - General"
		},
		"annotations": [],
		"lastPublishTime": "2022-04-25T20:26:00Z"
	},
	"type": "Microsoft.DataFactory/factories/pipelines"
}