{
	"name": "RB-U - Ingestao Generica - GPP Sinobras - SQL Server",
	"properties": {
		"activities": [
			{
				"name": "SVB - Define data_particao",
				"description": "Atribui um valor à variável [v_data_particao]. Se o parâmetro [p_data_particao] estiver preenchido, atribui o seu valor à [v_data_particao], senão, atribui a data atual na formatação definida pelo parâmetro [p_formato_data_particao], ou deixa em branco.",
				"type": "SetVariable",
				"dependsOn": [],
				"userProperties": [],
				"typeProperties": {
					"variableName": "v_data_particao",
					"value": {
						"value": "@if(\n    not(empty(pipeline().parameters.p_data_particao)),\n    substring(replace(pipeline().parameters.p_data_particao,'-','/'),0,10),\n    if(\n        equals(pipeline().parameters.p_tipo_carga,'F'),\n        '1900/01/01',\n        if(\n            or(\n                empty(pipeline().parameters.p_formato_data_particao),\n                equals(pipeline().parameters.p_formato_data_particao, 'D')\n            ),\n            convertFromUtc(utcnow(), 'E. South America Standard Time', 'yyyy/MM/dd'),\n            if(\n                equals(pipeline().parameters.p_formato_data_particao, 'M'),\n                convertFromUtc(utcnow(), 'E. South America Standard Time', 'yyyy/MM/dd'),\n                if(\n                    equals(pipeline().parameters.p_formato_data_particao, 'A'),\n                    convertFromUtc(utcnow(), 'E. South America Standard Time', 'yyyy/MM/dd'),\n                    if(\n                        equals(pipeline().parameters.p_formato_data_particao, 'N'), \n                        '', \n                        convertFromUtc(utcnow(), 'E. South America Standard Time', 'yyyy/MM/dd')\n                    )\n                )\n            )\n        )\n    )  \n)",
						"type": "Expression"
					}
				}
			},
			{
				"name": "SVB - Define diretorio_completo",
				"description": "Atribui um valor à variável [v_diretorio_completo], a partir da concatenação do diretório destino, da tabela de origem e da data de partição.",
				"type": "SetVariable",
				"dependsOn": [
					{
						"activity": "SVB - Define diretorio_destino",
						"dependencyConditions": [
							"Succeeded"
						]
					},
					{
						"activity": "SVB - Define data_particao",
						"dependencyConditions": [
							"Succeeded"
						]
					}
				],
				"userProperties": [],
				"typeProperties": {
					"variableName": "v_diretorio_completo",
					"value": {
						"value": "@toLower(concat(\n    variables('v_diretorio_destino'),\n    '/', \n    pipeline().parameters.p_tabela_origem,\n    if(\n        empty(variables('v_data_particao')),\n        '',\n        concat('/', variables('v_data_particao'))\n    )\n))",
						"type": "Expression"
					}
				}
			},
			{
				"name": "SVB - Define arquivo_destino",
				"description": "Atribui um valor à variável [v_arquivo_destino], a partir da concatenação da tabela de origem e da data de partição.",
				"type": "SetVariable",
				"dependsOn": [
					{
						"activity": "SVB - Define data_particao",
						"dependencyConditions": [
							"Succeeded"
						]
					}
				],
				"userProperties": [],
				"typeProperties": {
					"variableName": "v_arquivo_destino",
					"value": {
						"value": "@toLower(concat(\n    pipeline().parameters.p_tabela_origem,\n    '__', \n    if(\n        empty(variables('v_data_particao')),\n        formatDateTime(utcNow(), 'yyyyMMdd'),\n        replace(variables('v_data_particao'), '/', '')\n    )\n))",
						"type": "Expression"
					}
				}
			},
			{
				"name": "SVB - Define diretorio_destino",
				"description": "Atribui um valor à variável [v_diretorio_destino]. Se o parâmetro [p_diretorio_destino] estiver preenchido, atribui o valor dele, senão, atribui um valor default. E concatena com o esquema de origem.",
				"type": "SetVariable",
				"dependsOn": [],
				"userProperties": [],
				"typeProperties": {
					"variableName": "v_diretorio_destino",
					"value": {
						"value": "@toLower(concat(\n    if(\n        empty(pipeline().parameters.p_diretorio_destino),\n        'sem_diretorio',\n        pipeline().parameters.p_diretorio_destino\n    ),\n    '/', pipeline().parameters.p_database_origem,\n    '/', pipeline().parameters.p_esquema_origem\n))",
						"type": "Expression"
					}
				}
			},
			{
				"name": "SVB - Define rascunho_nome_tabela_delta",
				"description": "Atribui um valor à variável [v_rascunho_nome_tabela_delta], a partir da concatenação do diretório de destino e da coleção de origem.",
				"type": "SetVariable",
				"dependsOn": [
					{
						"activity": "SVB - Define diretorio_destino",
						"dependencyConditions": [
							"Succeeded"
						]
					}
				],
				"userProperties": [],
				"typeProperties": {
					"variableName": "v_rascunho_nome_tabela_delta",
					"value": {
						"value": "@toLower(concat(\n    variables('v_diretorio_destino'),\n    '/',\n    pipeline().parameters.p_tabela_origem\n))",
						"type": "Expression"
					}
				}
			},
			{
				"name": "SVB - Define Select de Origem",
				"type": "SetVariable",
				"dependsOn": [
					{
						"activity": "SVB - Define Select de Origem Base",
						"dependencyConditions": [
							"Succeeded"
						]
					},
					{
						"activity": "SVB - Define Coluna Filtro Incremental",
						"dependencyConditions": [
							"Succeeded"
						]
					}
				],
				"userProperties": [],
				"typeProperties": {
					"variableName": "v_select_origem",
					"value": {
						"value": "@if(\n    and(\n        equals(pipeline().parameters.p_tipo_carga, 'I'),\n        and(\n            not(empty(pipeline().parameters.p_coluna_incremental)),\n            not(empty(pipeline().parameters.p_data_inicio_carga))\n        )\n    ), \n    concat(\n        variables('v_select_origem_base'), ' AND ( ',\n        variables('v_coluna_filtro_incremental'),\n        ' >= ''', \n        pipeline().parameters.p_data_inicio_carga,\n        ''' OR ', variables('v_coluna_filtro_incremental'), ' IS NULL )'\n    ),\n    variables('v_select_origem_base')\n)",
						"type": "Expression"
					}
				}
			},
			{
				"name": "SVB - Define Select de Origem Base",
				"type": "SetVariable",
				"dependsOn": [],
				"userProperties": [],
				"typeProperties": {
					"variableName": "v_select_origem_base",
					"value": {
						"value": "@if(\n    empty(pipeline().parameters.p_select_origem), \n    concat(\n        'SELECT * FROM ', \n        pipeline().parameters.p_esquema_origem, '.',\n        pipeline().parameters.p_tabela_origem, ' WHERE 1=1 '\n    ),\n    pipeline().parameters.p_select_origem\n)",
						"type": "Expression"
					}
				}
			},
			{
				"name": "SVB - Define Coluna Filtro Incremental",
				"type": "SetVariable",
				"dependsOn": [],
				"userProperties": [],
				"typeProperties": {
					"variableName": "v_coluna_filtro_incremental",
					"value": {
						"value": "@if(\n    empty(pipeline().parameters.p_coluna_incremental_suplente),\n    pipeline().parameters.p_coluna_incremental,\n    concat(\n        'COALESCE(',\n        pipeline().parameters.p_coluna_incremental, ',',\n        pipeline().parameters.p_coluna_incremental_suplente,\n        ')'\n    )\n)",
						"type": "Expression"
					}
				}
			},
			{
				"name": "IFC - Etapa Ingestao Bronze e Dados Raw OK",
				"description": "Para ser True o parâmetro \"p_rb_etapa_ingestao\" deve conter \"B\" de bronze ou estar vazio ou com \".\". E também o retorno da variável \"v_etapa_bronze\" deve ser True.",
				"type": "IfCondition",
				"dependsOn": [
					{
						"activity": "IFC - Etapa Ingestao RAW",
						"dependencyConditions": [
							"Succeeded"
						]
					}
				],
				"userProperties": [],
				"typeProperties": {
					"expression": {
						"value": "@and(\n    or(\n        or(\n            empty(pipeline().parameters.p_rb_etapa_ingestao), \n            equals(pipeline().parameters.p_rb_etapa_ingestao,'.')\n        ),\n        contains(pipeline().parameters.p_rb_etapa_ingestao,'B')\n    ),\n    variables('v_etapa_bronze')\n)",
						"type": "Expression"
					},
					"ifTrueActivities": [
						{
							"name": "NTB - Ingere na Bronze",
							"type": "DatabricksNotebook",
							"dependsOn": [],
							"policy": {
								"timeout": "7.00:00:00",
								"retry": 2,
								"retryIntervalInSeconds": 60,
								"secureOutput": false,
								"secureInput": false
							},
							"userProperties": [],
							"typeProperties": {
								"notebookPath": "/Repos/git/dbw-bi-acocearense/delta/bronze/sql_server/curinga",
								"baseParameters": {
									"pn_diretorio_raw": {
										"value": "@variables('v_diretorio_completo')",
										"type": "Expression"
									},
									"pn_rascunho_nome_tabela_delta": {
										"value": "@variables('v_rascunho_nome_tabela_delta')",
										"type": "Expression"
									},
									"pn_data_particao": {
										"value": "@variables('v_data_particao')",
										"type": "Expression"
									},
									"pn_arquivo": {
										"value": "@variables('v_arquivo_destino')",
										"type": "Expression"
									}
								}
							},
							"linkedServiceName": {
								"referenceName": "ls_dbwbiacocearenseprd",
								"type": "LinkedServiceReference"
							}
						}
					]
				}
			},
			{
				"name": "IFC - Etapa Ingestao RAW",
				"description": "Para ser True o parâmetro \"p_rb_etapa_ingestao\" deve conter \"R\" de bronze ou estar vazio ou com \".\".",
				"type": "IfCondition",
				"dependsOn": [
					{
						"activity": "SVB - Define arquivo_destino",
						"dependencyConditions": [
							"Succeeded"
						]
					},
					{
						"activity": "SVB - Define diretorio_completo",
						"dependencyConditions": [
							"Succeeded"
						]
					},
					{
						"activity": "SVB - Define rascunho_nome_tabela_delta",
						"dependencyConditions": [
							"Succeeded"
						]
					},
					{
						"activity": "SVB - Define Select de Origem",
						"dependencyConditions": [
							"Succeeded"
						]
					}
				],
				"userProperties": [],
				"typeProperties": {
					"expression": {
						"value": "@or(\n    or(\n        empty(pipeline().parameters.p_rb_etapa_ingestao), \n        equals(pipeline().parameters.p_rb_etapa_ingestao, '.')\n    ),\n    contains(pipeline().parameters.p_rb_etapa_ingestao, 'R')\n)",
						"type": "Expression"
					},
					"ifFalseActivities": [
						{
							"name": "SVB - F - Define Flag Etapa Bronze",
							"description": "Infere True.",
							"type": "SetVariable",
							"dependsOn": [],
							"userProperties": [],
							"typeProperties": {
								"variableName": "v_etapa_bronze",
								"value": true
							}
						}
					],
					"ifTrueActivities": [
						{
							"name": "CPD - Ingere Tabela na Raw",
							"description": "Executa a cópia da tabela do Oracle Core para a cama Raw do Data Lake.",
							"type": "Copy",
							"dependsOn": [],
							"policy": {
								"timeout": "7.00:00:00",
								"retry": 2,
								"retryIntervalInSeconds": 60,
								"secureOutput": false,
								"secureInput": false
							},
							"userProperties": [],
							"typeProperties": {
								"source": {
									"type": "SqlServerSource",
									"sqlReaderQuery": {
										"value": "@variables('v_select_origem')",
										"type": "Expression"
									},
									"queryTimeout": "02:00:00",
									"partitionOption": "None"
								},
								"sink": {
									"type": "ParquetSink",
									"storeSettings": {
										"type": "AzureBlobFSWriteSettings"
									},
									"formatSettings": {
										"type": "ParquetWriteSettings"
									}
								},
								"enableStaging": true,
								"stagingSettings": {
									"linkedServiceName": {
										"referenceName": "AzureDataLakeStoragePrd",
										"type": "LinkedServiceReference"
									},
									"path": "tmp",
									"enableCompression": true
								},
								"logSettings": {
									"enableCopyActivityLog": true,
									"copyActivityLogSettings": {
										"logLevel": "Warning",
										"enableReliableLogging": false
									},
									"logLocationSettings": {
										"linkedServiceName": {
											"referenceName": "AzureDataLakeStoragePrd",
											"type": "LinkedServiceReference"
										},
										"path": "log"
									}
								},
								"dataIntegrationUnits": 2,
								"translator": {
									"type": "TabularTranslator",
									"typeConversion": true,
									"typeConversionSettings": {
										"allowDataTruncation": true,
										"treatBooleanAsNumber": false
									}
								}
							},
							"inputs": [
								{
									"referenceName": "ds_gpp_sinobras",
									"type": "DatasetReference",
									"parameters": {
										"p_database": {
											"value": "@pipeline().parameters.p_database_origem",
											"type": "Expression"
										},
										"p_esquema": {
											"value": "@pipeline().parameters.p_esquema_origem",
											"type": "Expression"
										},
										"p_tabela": {
											"value": "@pipeline().parameters.p_tabela_origem",
											"type": "Expression"
										}
									}
								}
							],
							"outputs": [
								{
									"referenceName": "ds_parquet_stbiacocearense",
									"type": "DatasetReference",
									"parameters": {
										"p_container": {
											"value": "@pipeline().parameters.p_container_destino",
											"type": "Expression"
										},
										"p_diretorio": {
											"value": "@variables('v_diretorio_completo')",
											"type": "Expression"
										},
										"p_arquivo": {
											"value": "@variables('v_arquivo_destino')",
											"type": "Expression"
										}
									}
								}
							]
						},
						{
							"name": "SVB - T - Define Flag Etapa Bronze",
							"description": "Se retornar linhas copiadas True, senão False.",
							"type": "SetVariable",
							"dependsOn": [
								{
									"activity": "CPD - Ingere Tabela na Raw",
									"dependencyConditions": [
										"Succeeded"
									]
								}
							],
							"userProperties": [],
							"typeProperties": {
								"variableName": "v_etapa_bronze",
								"value": {
									"value": "@if(\n    greater(activity('CPD - Ingere Tabela na Raw').output.rowsCopied, 0),\n    true,\n    false\n)",
									"type": "Expression"
								}
							}
						}
					]
				}
			}
		],
		"concurrency": 30,
		"parameters": {
			"p_container_destino": {
				"type": "string",
				"defaultValue": "raw"
			},
			"p_diretorio_destino": {
				"type": "string",
				"defaultValue": "sql_server/sinobras"
			},
			"p_data_particao": {
				"type": "string"
			},
			"p_esquema_origem": {
				"type": "string",
				"defaultValue": "GPP"
			},
			"p_tabela_origem": {
				"type": "string",
				"defaultValue": "CentroTrabalho"
			},
			"p_formato_data_particao": {
				"type": "string",
				"defaultValue": "D"
			},
			"p_select_origem": {
				"type": "string"
			},
			"p_coluna_incremental": {
				"type": "string"
			},
			"p_tipo_carga": {
				"type": "string",
				"defaultValue": "F"
			},
			"p_data_inicio_carga": {
				"type": "string"
			},
			"p_coluna_incremental_suplente": {
				"type": "string"
			},
			"p_rb_etapa_ingestao": {
				"type": "string",
				"defaultValue": "B"
			},
			"p_database_origem": {
				"type": "string",
				"defaultValue": "GPP_HOM"
			}
		},
		"variables": {
			"v_data_particao": {
				"type": "String"
			},
			"v_diretorio_destino": {
				"type": "String"
			},
			"v_arquivo_destino": {
				"type": "String"
			},
			"v_diretorio_completo": {
				"type": "String"
			},
			"v_rascunho_nome_tabela_delta": {
				"type": "String"
			},
			"v_select_origem_base": {
				"type": "String"
			},
			"v_select_origem": {
				"type": "String"
			},
			"v_coluna_filtro_incremental": {
				"type": "String"
			},
			"v_etapa_bronze": {
				"type": "Boolean"
			}
		},
		"folder": {
			"name": "2.3 Raw e Bronze/SQL Server/Sinobras/1 - Unit"
		},
		"annotations": [
			"@pipeline().parameters.p_tabela_origem",
			"@pipeline().parameters.p_esquema_origem"
		],
		"lastPublishTime": "2022-05-11T11:13:04Z"
	},
	"type": "Microsoft.DataFactory/factories/pipelines"
}