{
	"name": "SV-G - Processo Total - Unidade Produtora - Producao",
	"properties": {
		"activities": [
			{
				"name": "PPL - NTB Unidade_Negocio",
				"type": "ExecutePipeline",
				"dependsOn": [],
				"userProperties": [],
				"typeProperties": {
					"pipeline": {
						"referenceName": "Pipeline Notebook Generico",
						"type": "PipelineReference"
					},
					"waitOnCompletion": true,
					"parameters": {
						"p_caminho_raiz_notebook": {
							"value": "@pipeline().parameters.p_caminho_raiz_notebook",
							"type": "Expression"
						},
						"p_caminho_notebook": {
							"value": "@pipeline().parameters.p_caminho_notebook",
							"type": "Expression"
						},
						"p_nome_notebook": "UnidadeNegocio"
					}
				}
			},
			{
				"name": "PPL - NTB Unidade_Produtora",
				"type": "ExecutePipeline",
				"dependsOn": [],
				"userProperties": [],
				"typeProperties": {
					"pipeline": {
						"referenceName": "Pipeline Notebook Generico",
						"type": "PipelineReference"
					},
					"waitOnCompletion": true,
					"parameters": {
						"p_caminho_raiz_notebook": {
							"value": "@pipeline().parameters.p_caminho_raiz_notebook",
							"type": "Expression"
						},
						"p_caminho_notebook": {
							"value": "@pipeline().parameters.p_caminho_notebook",
							"type": "Expression"
						},
						"p_nome_notebook": "UnidadeProdutora"
					}
				}
			}
		],
		"parameters": {
			"p_caminho_raiz_notebook": {
				"type": "string",
				"defaultValue": "/Repos/git/dbw-bi-acocearense/delta/"
			},
			"p_caminho_notebook": {
				"type": "string",
				"defaultValue": "silver/producao/unidade_produtora/"
			}
		},
		"folder": {
			"name": "2.2 Silver/Producao/Unidade Produtora/0 - Group"
		},
		"annotations": [],
		"lastPublishTime": "2022-02-15T14:34:03Z"
	},
	"type": "Microsoft.DataFactory/factories/pipelines"
}