{
	"name": "SV-G - Processo Total - Centro Trabalho - Producao",
	"properties": {
		"activities": [
			{
				"name": "PPL - NTB ArvoreCentro",
				"type": "ExecutePipeline",
				"dependsOn": [],
				"userProperties": [],
				"typeProperties": {
					"pipeline": {
						"referenceName": "Pipeline Notebook Generico",
						"type": "PipelineReference"
					},
					"waitOnCompletion": true,
					"parameters": {
						"p_caminho_raiz_notebook": {
							"value": "@pipeline().parameters.p_caminho_raiz_notebook",
							"type": "Expression"
						},
						"p_caminho_notebook": {
							"value": "@pipeline().parameters.p_caminho_notebook",
							"type": "Expression"
						},
						"p_nome_notebook": "ArvoreCentro"
					}
				}
			},
			{
				"name": "PPL - NTB Turno",
				"type": "ExecutePipeline",
				"dependsOn": [],
				"userProperties": [],
				"typeProperties": {
					"pipeline": {
						"referenceName": "Pipeline Notebook Generico",
						"type": "PipelineReference"
					},
					"waitOnCompletion": true,
					"parameters": {
						"p_caminho_raiz_notebook": {
							"value": "@pipeline().parameters.p_caminho_raiz_notebook",
							"type": "Expression"
						},
						"p_caminho_notebook": {
							"value": "@pipeline().parameters.p_caminho_notebook",
							"type": "Expression"
						},
						"p_nome_notebook": "Turno"
					}
				}
			},
			{
				"name": "PPL - NTB CentroTrabalho",
				"type": "ExecutePipeline",
				"dependsOn": [],
				"userProperties": [],
				"typeProperties": {
					"pipeline": {
						"referenceName": "Pipeline Notebook Generico",
						"type": "PipelineReference"
					},
					"waitOnCompletion": true,
					"parameters": {
						"p_caminho_raiz_notebook": {
							"value": "@pipeline().parameters.p_caminho_raiz_notebook",
							"type": "Expression"
						},
						"p_caminho_notebook": {
							"value": "@pipeline().parameters.p_caminho_notebook",
							"type": "Expression"
						},
						"p_nome_notebook": "CentroTrabalho"
					}
				}
			},
			{
				"name": "PPL - NTB ProgramacaoCentroTrabalho",
				"type": "ExecutePipeline",
				"dependsOn": [],
				"userProperties": [],
				"typeProperties": {
					"pipeline": {
						"referenceName": "Pipeline Notebook Generico",
						"type": "PipelineReference"
					},
					"waitOnCompletion": true,
					"parameters": {
						"p_caminho_raiz_notebook": {
							"value": "@pipeline().parameters.p_caminho_raiz_notebook",
							"type": "Expression"
						},
						"p_caminho_notebook": {
							"value": "@pipeline().parameters.p_caminho_notebook",
							"type": "Expression"
						},
						"p_nome_notebook": "ProgramacaoCentroTrabalho"
					}
				}
			},
			{
				"name": "PPL - NTB TurnoGrupo",
				"type": "ExecutePipeline",
				"dependsOn": [],
				"userProperties": [],
				"typeProperties": {
					"pipeline": {
						"referenceName": "Pipeline Notebook Generico",
						"type": "PipelineReference"
					},
					"waitOnCompletion": true,
					"parameters": {
						"p_caminho_raiz_notebook": {
							"value": "@pipeline().parameters.p_caminho_raiz_notebook",
							"type": "Expression"
						},
						"p_caminho_notebook": {
							"value": "@pipeline().parameters.p_caminho_notebook",
							"type": "Expression"
						},
						"p_nome_notebook": "TurnoGrupo"
					}
				}
			},
			{
				"name": "PPL - NTB TurnoTurmaCalendario",
				"type": "ExecutePipeline",
				"dependsOn": [],
				"userProperties": [],
				"typeProperties": {
					"pipeline": {
						"referenceName": "Pipeline Notebook Generico",
						"type": "PipelineReference"
					},
					"waitOnCompletion": true,
					"parameters": {
						"p_caminho_raiz_notebook": {
							"value": "@pipeline().parameters.p_caminho_raiz_notebook",
							"type": "Expression"
						},
						"p_caminho_notebook": {
							"value": "@pipeline().parameters.p_caminho_notebook",
							"type": "Expression"
						},
						"p_nome_notebook": "TurnoTurmaCalendario"
					}
				}
			},
			{
				"name": "PPL - NTB TurnoTurmaCalendarioCentroTrabalho",
				"type": "ExecutePipeline",
				"dependsOn": [],
				"userProperties": [],
				"typeProperties": {
					"pipeline": {
						"referenceName": "Pipeline Notebook Generico",
						"type": "PipelineReference"
					},
					"waitOnCompletion": true,
					"parameters": {
						"p_caminho_raiz_notebook": {
							"value": "@pipeline().parameters.p_caminho_raiz_notebook",
							"type": "Expression"
						},
						"p_caminho_notebook": {
							"value": "@pipeline().parameters.p_caminho_notebook",
							"type": "Expression"
						},
						"p_nome_notebook": "TurnoTurmaCalendarioCentroTrabalho"
					}
				}
			}
		],
		"parameters": {
			"p_caminho_raiz_notebook": {
				"type": "string",
				"defaultValue": "/Repos/git/dbw-bi-acocearense/delta/"
			},
			"p_caminho_notebook": {
				"type": "string",
				"defaultValue": "silver/producao/centro_trabalho/"
			}
		},
		"folder": {
			"name": "2.2 Silver/Producao/Centro de Trabalho/0 - Group"
		},
		"annotations": [],
		"lastPublishTime": "2022-02-15T14:34:03Z"
	},
	"type": "Microsoft.DataFactory/factories/pipelines"
}