{
	"name": "SV-G - Processo Total - Silver",
	"properties": {
		"activities": [
			{
				"name": "IFC - Executa Producao",
				"description": "Se o parâmetro p_sv_dominio conter a string \"[producao]\" então True.",
				"type": "IfCondition",
				"dependsOn": [],
				"userProperties": [],
				"typeProperties": {
					"expression": {
						"value": "@or(\n    or(\n        empty(pipeline().parameters.p_sv_dominio),\n        equals(pipeline().parameters.p_sv_dominio,'.')\n    ),\n    contains(\n        toLower(pipeline().parameters.p_sv_dominio),\n        '[producao]'\n    )\n)",
						"type": "Expression"
					},
					"ifTrueActivities": [
						{
							"name": "PPL - Producao",
							"type": "ExecutePipeline",
							"dependsOn": [],
							"userProperties": [],
							"typeProperties": {
								"pipeline": {
									"referenceName": "SV-G - Processo Completo - Producao",
									"type": "PipelineReference"
								},
								"waitOnCompletion": true,
								"parameters": {
									"p_caminho_raiz_notebook": {
										"value": "@pipeline().parameters.p_caminho_raiz_notebook",
										"type": "Expression"
									},
									"p_dominio_tema": {
										"value": "@pipeline().parameters.p_sv_dominio_tema",
										"type": "Expression"
									}
								}
							}
						}
					]
				}
			}
		],
		"parameters": {
			"p_caminho_raiz_notebook": {
				"type": "string",
				"defaultValue": "/Repos/git/dbw-bi-acocearense/delta/"
			},
			"p_sv_dominio": {
				"type": "string"
			},
			"p_sv_dominio_tema": {
				"type": "string"
			}
		},
		"folder": {
			"name": "2.2 Silver/0 - Group"
		},
		"annotations": [],
		"lastPublishTime": "2022-05-13T20:18:01Z"
	},
	"type": "Microsoft.DataFactory/factories/pipelines"
}