{
	"name": "SV-G - Processo Completo - Producao",
	"properties": {
		"activities": [
			{
				"name": "IFC - Executa Centro Trabalho",
				"description": "Se o parâmetro p_sv_dominio_tema conter a string \"[centro_trabalho]\" então True.",
				"type": "IfCondition",
				"dependsOn": [],
				"userProperties": [],
				"typeProperties": {
					"expression": {
						"value": "@or(\n    or(\n        empty(pipeline().parameters.p_dominio_tema),\n        equals(pipeline().parameters.p_dominio_tema,'.')\n    ),\n    contains(\n        toLower(pipeline().parameters.p_dominio_tema),\n        '[centro_trabalho]'\n    )\n)",
						"type": "Expression"
					},
					"ifTrueActivities": [
						{
							"name": "PPL - Centro Trabalho",
							"type": "ExecutePipeline",
							"dependsOn": [],
							"userProperties": [],
							"typeProperties": {
								"pipeline": {
									"referenceName": "SV-G - Processo Total - Centro Trabalho - Producao",
									"type": "PipelineReference"
								},
								"waitOnCompletion": true,
								"parameters": {
									"p_caminho_raiz_notebook": "/Repos/git/dbw-bi-acocearense/delta/"
								}
							}
						}
					]
				}
			},
			{
				"name": "IFC - Executa Parada",
				"description": "Se o parâmetro p_sv_dominio_tema conter a string \"[parada]\" então True.",
				"type": "IfCondition",
				"dependsOn": [],
				"userProperties": [],
				"typeProperties": {
					"expression": {
						"value": "@or(\n    or(\n        empty(pipeline().parameters.p_dominio_tema),\n        equals(pipeline().parameters.p_dominio_tema,'.')\n    ),\n    contains(\n        toLower(pipeline().parameters.p_dominio_tema),\n        '[parada]'\n    )\n)",
						"type": "Expression"
					},
					"ifTrueActivities": [
						{
							"name": "PPL - Parada",
							"type": "ExecutePipeline",
							"dependsOn": [],
							"userProperties": [],
							"typeProperties": {
								"pipeline": {
									"referenceName": "SV-G - Processo Total - Parada - Producao",
									"type": "PipelineReference"
								},
								"waitOnCompletion": true,
								"parameters": {
									"p_caminho_raiz_notebook": {
										"value": "@pipeline().parameters.p_caminho_raiz_notebook",
										"type": "Expression"
									}
								}
							}
						}
					]
				}
			},
			{
				"name": "IFC - Executa Unidade Produtora",
				"description": "Se o parâmetro p_sv_dominio_tema conter a string \"[unidade_produtora]\" então True.",
				"type": "IfCondition",
				"dependsOn": [],
				"userProperties": [],
				"typeProperties": {
					"expression": {
						"value": "@or(\n    or(\n        empty(pipeline().parameters.p_dominio_tema),\n        equals(pipeline().parameters.p_dominio_tema,'.')\n    ),\n    contains(\n        toLower(pipeline().parameters.p_dominio_tema),\n        '[unidade_produtora]'\n    )\n)",
						"type": "Expression"
					},
					"ifTrueActivities": [
						{
							"name": "PPL - Unidade Produtora",
							"type": "ExecutePipeline",
							"dependsOn": [],
							"userProperties": [],
							"typeProperties": {
								"pipeline": {
									"referenceName": "SV-G - Processo Total - Unidade Produtora - Producao",
									"type": "PipelineReference"
								},
								"waitOnCompletion": true,
								"parameters": {
									"p_caminho_raiz_notebook": {
										"value": "@pipeline().parameters.p_caminho_raiz_notebook",
										"type": "Expression"
									}
								}
							}
						}
					]
				}
			}
		],
		"parameters": {
			"p_caminho_raiz_notebook": {
				"type": "string",
				"defaultValue": "/Repos/git/dbw-bi-acocearense/delta/"
			},
			"p_dominio_tema": {
				"type": "string"
			}
		},
		"folder": {
			"name": "2.2 Silver/Producao/0 - Group"
		},
		"annotations": [],
		"lastPublishTime": "2022-02-17T02:41:01Z"
	},
	"type": "Microsoft.DataFactory/factories/pipelines"
}