{
	"name": "UTL - Envia Notificacao Teams",
	"properties": {
		"activities": [
			{
				"name": "IFC - Status Failed",
				"description": "Se o Status recebido for \"Failed\" então True. \nMonta o corpo da requisição de acordo com o status e caso o status seja \"Failed\" simula uma falha para repassar o erro para o pipeline que o chamou.",
				"type": "IfCondition",
				"dependsOn": [],
				"userProperties": [],
				"typeProperties": {
					"expression": {
						"value": "@equals(pipeline().parameters.p_activity_status, 'Failed')",
						"type": "Expression"
					},
					"ifFalseActivities": [
						{
							"name": "WEB - Sucesso - Executa Webhook Slack",
							"type": "WebActivity",
							"dependsOn": [],
							"policy": {
								"timeout": "7.00:00:00",
								"retry": 0,
								"retryIntervalInSeconds": 30,
								"secureOutput": false,
								"secureInput": false
							},
							"userProperties": [],
							"typeProperties": {
								"url": {
									"value": "@pipeline().parameters.p_slack_webhook_url",
									"type": "Expression"
								},
								"method": "POST",
								"body": {
									"value": "{\n\t\"blocks\": [\n\t\t{\n\t\t\t\"type\": \"header\",\n\t\t\t\"text\": {\n\t\t\t\t\"type\": \"plain_text\",\n\t\t\t\t\"text\": \":white_check_mark:  [@{convertFromUtc(utcnow(), 'E. South America Standard Time', 'dd/MM/yyyy')}]  Pipeline Success  :cool-doge:\"\n\t\t\t}\n\t\t},\n\t\t{\n\t\t\t\"type\": \"section\",\n\t\t\t\"text\": {\n\t\t\t\t\"type\": \"mrkdwn\",\n\t\t\t\t\"text\": \"*Pipeline RunId:* <https://adf.azure.com/monitoring/pipelineruns/@{pipeline().parameters.p_pipeline_run_id}?factory=/subscriptions/@{pipeline().parameters.p_datafactory_subscription}/resourceGroups/@{pipeline().parameters.p_datafactory_resourcegroup}/providers/Microsoft.DataFactory/factories/@{pipeline().DataFactory}|@{pipeline().parameters.p_pipeline_run_id}>\"\n\t\t\t}\n\t\t},\n\t\t{\n\t\t\t\"type\": \"section\",\n\t\t\t\"text\": {\n\t\t\t\t\"type\": \"mrkdwn\",\n\t\t\t\t\"text\": \"*Execution period:* @{pipeline().parameters.p_start_execution} - @{pipeline().parameters.p_end_execution}\"\n\t\t\t}\n\t\t}\n\t]\n}",
									"type": "Expression"
								}
							}
						}
					],
					"ifTrueActivities": [
						{
							"name": "WEB - Executa Webhook Teams",
							"type": "WebActivity",
							"dependsOn": [],
							"policy": {
								"timeout": "7.00:00:00",
								"retry": 0,
								"retryIntervalInSeconds": 30,
								"secureOutput": false,
								"secureInput": false
							},
							"userProperties": [],
							"typeProperties": {
								"url": {
									"value": "@pipeline().parameters.p_slack_webhook_url",
									"type": "Expression"
								},
								"connectVia": {
									"referenceName": "AutoResolveIntegrationRuntime",
									"type": "IntegrationRuntimeReference"
								},
								"method": "POST",
								"body": {
									"value": "{\n\t\"blocks\": [\n\t\t{\n\t\t\t\"type\": \"header\",\n\t\t\t\"text\": {\n\t\t\t\t\"type\": \"plain_text\",\n\t\t\t\t\"text\": \":x:  [@{convertFromUtc(utcnow(), 'E. South America Standard Time', 'dd/MM/yyyy')}]  Pipeline Failure  :will_smith_slap:\"\n\t\t\t}\n\t\t},\n\t\t{\n\t\t\t\"type\": \"section\",\n\t\t\t\"text\": {\n\t\t\t\t\"type\": \"mrkdwn\",\n\t\t\t\t\"text\": \"*Pipeline RunId:* <https://adf.azure.com/monitoring/pipelineruns/@{pipeline().parameters.p_pipeline_run_id}?factory=/subscriptions/@{pipeline().parameters.p_datafactory_subscription}/resourceGroups/@{pipeline().parameters.p_datafactory_resourcegroup}/providers/Microsoft.DataFactory/factories/@{pipeline().DataFactory}|@{pipeline().parameters.p_pipeline_run_id}>\"\n\t\t\t}\n\t\t},\n\t\t{\n\t\t\t\"type\": \"section\",\n\t\t\t\"text\": {\n\t\t\t\t\"type\": \"mrkdwn\",\n\t\t\t\t\"text\": \"*Execution period:* @{pipeline().parameters.p_start_execution} - @{pipeline().parameters.p_end_execution}\"\n\t\t\t}\n\t\t},\n\t\t{\n\t\t\t\"type\": \"section\",\n\t\t\t\"text\": {\n\t\t\t\t\"type\": \"mrkdwn\",\n\t\t\t\t\"text\": \"*Message:*\\n @{pipeline().parameters.p_activity_message}\"\n\t\t\t}\n\t\t},\n\t\t{\n\t\t\t\"type\": \"divider\"\n\t\t},\n\t\t{\n\t\t\t\"type\": \"section\",\n\t\t\t\"text\": {\n\t\t\t\t\"type\": \"mrkdwn\",\n\t\t\t\t\"text\": \"*Owner*\"\n\t\t\t},\n\t\t\t\"accessory\": {\n\t\t\t\t\"type\": \"users_select\",\n\t\t\t\t\"placeholder\": {\n\t\t\t\t\t\"type\": \"plain_text\",\n\t\t\t\t\t\"text\": \"Select a user\",\n\t\t\t\t\t\"emoji\": true\n\t\t\t\t},\n\t\t\t\t\"action_id\": \"users_select-action\"\n\t\t\t}\n\t\t},\n\t\t{\n\t\t\t\"type\": \"section\",\n\t\t\t\"text\": {\n\t\t\t\t\"type\": \"mrkdwn\",\n\t\t\t\t\"text\": \"*State*\"\n\t\t\t},\n\t\t\t\"accessory\": {\n\t\t\t\t\"type\": \"static_select\",\n\t\t\t\t\"placeholder\": {\n\t\t\t\t\t\"type\": \"plain_text\",\n\t\t\t\t\t\"text\": \"Select an item\"\n\t\t\t\t},\n\t\t\t\t\"initial_option\": {\n\t\t\t\t\t\"text\": {\n\t\t\t\t\t\t\"type\": \"plain_text\",\n\t\t\t\t\t\t\"text\": \"Pending\"\n\t\t\t\t\t},\n\t\t\t\t\t\"value\": \"value-0\"\n\t\t\t\t},\n\t\t\t\t\"options\": [\n\t\t\t\t\t{\n\t\t\t\t\t\t\"text\": {\n\t\t\t\t\t\t\t\"type\": \"plain_text\",\n\t\t\t\t\t\t\t\"text\": \"Pending\"\n\t\t\t\t\t\t},\n\t\t\t\t\t\t\"value\": \"value-0\"\n\t\t\t\t\t},\n\t\t\t\t\t{\n\t\t\t\t\t\t\"text\": {\n\t\t\t\t\t\t\t\"type\": \"plain_text\",\n\t\t\t\t\t\t\t\"text\": \"In-Progress\"\n\t\t\t\t\t\t},\n\t\t\t\t\t\t\"value\": \"value-1\"\n\t\t\t\t\t},\n\t\t\t\t\t{\n\t\t\t\t\t\t\"text\": {\n\t\t\t\t\t\t\t\"type\": \"plain_text\",\n\t\t\t\t\t\t\t\"text\": \"Completed\"\n\t\t\t\t\t\t},\n\t\t\t\t\t\t\"value\": \"value-2\"\n\t\t\t\t\t}\n\t\t\t\t],\n\t\t\t\t\"action_id\": \"static_select-action\"\n\t\t\t}\n\t\t},\n\t\t{\n\t\t\t\"type\": \"input\",\n\t\t\t\"element\": {\n\t\t\t\t\"type\": \"plain_text_input\",\n\t\t\t\t\"multiline\": true,\n\t\t\t\t\"action_id\": \"plain_text_input-action\"\n\t\t\t},\n\t\t\t\"label\": {\n\t\t\t\t\"type\": \"plain_text\",\n\t\t\t\t\"text\": \"Notes\",\n\t\t\t\t\"emoji\": true\n\t\t\t}\n\t\t}\n\t]\n}",
									"type": "Expression"
								}
							}
						}
					]
				}
			}
		],
		"parameters": {
			"p_datafactory_subscription": {
				"type": "string",
				"defaultValue": "d8b76cf7-eb92-48cb-86ca-6f74f3f9e3b5"
			},
			"p_datafactory_resourcegroup": {
				"type": "string",
				"defaultValue": "RG-Prd"
			},
			"p_pipeline_run_id": {
				"type": "string"
			},
			"p_slack_webhook_url": {
				"type": "string",
				"defaultValue": "https://hooks.slack.com/services/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"
			},
			"p_activity_name": {
				"type": "string"
			},
			"p_activity_message": {
				"type": "string"
			},
			"p_activity_status": {
				"type": "string",
				"defaultValue": "Failed"
			},
			"p_start_execution": {
				"type": "string"
			},
			"p_end_execution": {
				"type": "string"
			},
			"p_pipeline_name": {
				"type": "string"
			},
			"p_pipeline_step": {
				"type": "string"
			}
		},
		"folder": {
			"name": "7 - Utility"
		},
		"annotations": []
	}
}