{
	"name": "CETAS",
	"properties": {
		"folder": {
			"name": "Setup"
		},
		"content": {
			"query": "Create Database Sinobras_Pool_Serverless\nGO\n\nUSE Sinobras_Pool_Serverless\nGO\n\n-- Required to create credentials\nCREATE MASTER KEY ENCRYPTION BY PASSWORD = 'Xyg*bRcxsWTb'\nGO\n\n-- Create credential that enables access to SAS-protected\nCREATE DATABASE SCOPED CREDENTIAL MSI_Conn WITH IDENTITY = 'Managed Identity'\nGO\n\n-- the external data source points to the Azure Data Lake folder\n\nCREATE EXTERNAL DATA SOURCE DataLakeStorage\nWITH ( LOCATION = 'https://stbiacocearenseprd.dfs.core.windows.net/delta/',\n       CREDENTIAL = [MSI_Conn] )\nGO",
			"metadata": {
				"language": "sql"
			},
			"currentConnection": {
				"databaseName": "Sinobras_Pool_Serverless",
				"poolName": "Built-in"
			},
			"resultLimit": 5000
		},
		"type": "SqlQuery"
	}
}