{
	"name": "Create and Grant Access To Purview",
	"properties": {
		"folder": {
			"name": "Setup"
		},
		"content": {
			"query": "USE Sinobras_Pool_Serverless;\nCREATE LOGIN [purview-acocearense] FROM EXTERNAL PROVIDER;\nCREATE USER [purview-acocearense] FOR LOGIN [purview-acocearense];\nALTER ROLE db_datareader ADD MEMBER [purview-acocearense]; ",
			"metadata": {
				"language": "sql"
			},
			"currentConnection": {
				"databaseName": "Sinobras_Pool_Serverless",
				"poolName": "Built-in"
			},
			"resultLimit": 5000
		},
		"type": "SqlQuery"
	}
}