{
	"name": "Create Views Gold",
	"properties": {
		"folder": {
			"name": "Tables"
		},
		"content": {
			"query": "USE Sinobras_Pool_Serverless\nGO\n\nDROP VIEW IF EXISTS Producao.DimCentroTrabalho\nGO\nCREATE VIEW Producao.DimCentroTrabalho\nAS SELECT\n    *\n    FROM OPENROWSET(\n        BULK 'gold/producao/DimCentroTrabalho',\n        DATA_SOURCE='DataLakeStorage',\n        FORMAT='DELTA'\n    ) AS result\n    ;\n\nGO\n\nDROP VIEW IF EXISTS Producao.DimTempo\nGO\nCREATE VIEW Producao.DimTempo\nAS SELECT\n    *\n    FROM OPENROWSET(\n        BULK 'gold/producao/DimTempo',\n        DATA_SOURCE='DataLakeStorage',\n        FORMAT='DELTA'\n    ) AS result\n    ;\n\nGO\n\nDROP VIEW IF EXISTS Producao.DimTurnoTurmaCalendario\nGO\nCREATE VIEW Producao.DimTurnoTurmaCalendario\nAS SELECT\n    *\n    FROM OPENROWSET(\n        BULK 'gold/producao/DimTurnoTurmaCalendario',\n        DATA_SOURCE='DataLakeStorage',\n        FORMAT='DELTA'\n    ) AS result\n    ;\n\nGO\n\nDROP VIEW IF EXISTS Producao.DimUnidadeProdutora\nGO\nCREATE VIEW Producao.DimUnidadeProdutora\nAS SELECT\n    *\n    FROM OPENROWSET(\n        BULK 'gold/producao/DimUnidadeProdutora',\n        DATA_SOURCE='DataLakeStorage',\n        FORMAT='DELTA'\n    ) AS result\n    ;\n\n\nGO\n\nDROP VIEW IF EXISTS Producao.DimUnidadeNegocio\nGO\nCREATE VIEW Producao.DimUnidadeNegocio\nAS SELECT\n    *\n    FROM OPENROWSET(\n        BULK 'gold/producao/DimUnidadeNegocio',\n        DATA_SOURCE='DataLakeStorage',\n        FORMAT='DELTA'\n    ) AS result\n    ;\n\n\nGO\n\nDROP VIEW IF EXISTS Producao.FatoDisponibilidade\nGO\nCREATE VIEW Producao.FatoDisponibilidade\nAS SELECT\n    *\n    FROM OPENROWSET(\n        BULK 'gold/producao/FatoDisponibilidade',\n        DATA_SOURCE='DataLakeStorage',\n        FORMAT='DELTA'\n    ) AS result\n    ;",
			"metadata": {
				"language": "sql"
			},
			"currentConnection": {
				"databaseName": "Sinobras_Pool_Serverless",
				"poolName": "Built-in"
			},
			"resultLimit": 5000
		},
		"type": "SqlQuery"
	}
}