{
	"name": "ls_dbwbiacocearenseprd",
	"properties": {
		"annotations": [],
		"type": "AzureDatabricks",
		"typeProperties": {
			"domain": "https://adb-38745612096104.4.azuredatabricks.net",
			"accessToken": {
				"type": "AzureKeyVaultSecret",
				"store": {
					"referenceName": "ADFKeyvaultLinkedServicePrd",
					"type": "LinkedServiceReference"
				},
				"secretName": "token-acesso-databricks-para-synapse"
			},
			"existingClusterId": "0908-191035-1l747qhr"
		},
		"connectVia": {
			"referenceName": "AutoResolveIntegrationRuntime",
			"type": "IntegrationRuntimeReference"
		}
	}
}