{
	"name": "ds_gpp_sinobras",
	"properties": {
		"linkedServiceName": {
			"referenceName": "ls_gppqas_prd",
			"type": "LinkedServiceReference",
			"parameters": {
				"p_database": "GPP_PRD"
			}
		},
		"parameters": {
			"p_database": {
				"type": "string",
				"defaultValue": "GPP_HOM"
			},
			"p_esquema": {
				"type": "string"
			},
			"p_tabela": {
				"type": "string"
			}
		},
		"annotations": [],
		"type": "SqlServerTable",
		"schema": [],
		"typeProperties": {
			"schema": {
				"value": "@dataset().p_esquema",
				"type": "Expression"
			},
			"table": {
				"value": "@dataset().p_tabela",
				"type": "Expression"
			}
		}
	}
}