{
	"name": "ds_json_stbiacocearense",
	"properties": {
		"linkedServiceName": {
			"referenceName": "AzureDataLakeStoragePrd",
			"type": "LinkedServiceReference"
		},
		"parameters": {
			"p_container": {
				"type": "string",
				"defaultValue": "gerencia"
			},
			"p_diretorio": {
				"type": "string",
				"defaultValue": "pipeline"
			},
			"p_arquivo": {
				"type": "string",
				"defaultValue": "pipeline_orquestrador"
			}
		},
		"annotations": [],
		"type": "Json",
		"typeProperties": {
			"location": {
				"type": "AzureBlobFSLocation",
				"fileName": {
					"value": "@concat(dataset().p_arquivo, '.json')",
					"type": "Expression"
				},
				"folderPath": {
					"value": "@dataset().p_diretorio",
					"type": "Expression"
				},
				"fileSystem": {
					"value": "@dataset().p_container",
					"type": "Expression"
				}
			}
		},
		"schema": {}
	}
}