{
	"name": "ds_parquet_stbiacocearense",
	"properties": {
		"linkedServiceName": {
			"referenceName": "AzureDataLakeStoragePrd",
			"type": "LinkedServiceReference"
		},
		"parameters": {
			"p_container": {
				"type": "string"
			},
			"p_diretorio": {
				"type": "string"
			},
			"p_arquivo": {
				"type": "string"
			}
		},
		"annotations": [],
		"type": "Parquet",
		"typeProperties": {
			"location": {
				"type": "AzureBlobFSLocation",
				"fileName": {
					"value": "@concat(dataset().p_arquivo, '.parquet')",
					"type": "Expression"
				},
				"folderPath": {
					"value": "@dataset().p_diretorio",
					"type": "Expression"
				},
				"fileSystem": {
					"value": "@dataset().p_container",
					"type": "Expression"
				}
			},
			"compressionCodec": "snappy"
		},
		"schema": []
	}
}