{
	"name": "parametrized_sink",
	"properties": {
		"linkedServiceName": {
			"referenceName": "AzureDataLakeStoragePrd",
			"type": "LinkedServiceReference"
		},
		"parameters": {
			"lake_zone": {
				"type": "string"
			},
			"zone_path": {
				"type": "string"
			},
			"filename": {
				"type": "string"
			}
		},
		"annotations": [],
		"type": "Parquet",
		"typeProperties": {
			"location": {
				"type": "AzureBlobFSLocation",
				"fileName": {
					"value": "@dataset().filename",
					"type": "Expression"
				},
				"fileSystem": {
					"value": "@{dataset().lake_zone}/@{dataset().zone_path}",
					"type": "Expression"
				}
			},
			"compressionCodec": "snappy"
		},
		"schema": []
	}
}